{
    "os": "Windows-10-10.0.19044-SP0",
    "python": "3.9.7",
    "heartbeatAt": "2022-10-22T08:45:10.868543",
    "startedAt": "2022-10-22T08:45:09.331235",
    "docker": null,
    "gpu": "NVIDIA GeForce RTX 2060",
    "gpu_count": 1,
    "cpu_count": 12,
    "cuda": null,
    "args": [
        "--dataset",
        "FB15K-237",
        "--score_rel",
        "False",
        "--model",
        "ComplEx",
        "--rank",
        "1000",
        "--learning_rate",
        "0.1",
        "--batch_size",
        "1000",
        "--lmbda",
        "0.05",
        "--w_rel",
        "4",
        "--max_epochs",
        "100"
    ],
    "state": "running",
    "program": "C:\\Users\\dell\\Desktop\\\u5927\u6570\u636e\u5206\u6790\\\u4f5c\u4e1a2\\\u4ee3\u7801\u3001\u6570\u636e\u96c6\u3001\u8fd0\u884c\u914d\u7f6e\\ssl-relation-prediction\\src\\main.py",
    "codePath": "src\\main.py",
    "git": {
        "remote": "https://github.com/facebookresearch/ssl-relation-prediction.git",
        "commit": "a050286473933b6b7b743db43db3529bd305359a"
    },
    "email": "494803615@qq.com",
    "root": "C:/Users/dell/Desktop/\u5927\u6570\u636e\u5206\u6790/\u4f5c\u4e1a2/\u4ee3\u7801\u3001\u6570\u636e\u96c6\u3001\u8fd0\u884c\u914d\u7f6e/ssl-relation-prediction",
    "host": "STELLA",
    "username": "dell",
    "executable": "C:\\Users\\dell\\anaconda3\\python.exe"
}
